Workbook

Sheet Lisez-moi
A1: Tableau de bord des indicateurs de sécurité — NotAge
A3: Référence | B3: NTG-SMSI-PIL-001 (annexe)
A4: Version | B4: 1.0
A5: Date | B5: 27/09/2026
A6: Propriétaire | B6: RSSI
A7: Classification | B7: Interne (publié à titre de démonstration, entreprise fictive)
A8: Exigences couvertes | B8: ISO/IEC 27001:2022, articles 6.2 et 9.1
A10: Mode d'emploi
A11: Valeur mesurée | B11: Seules les cellules en bleu de la colonne « Valeur mesurée » se saisissent, à chaque période de mesure. Laisser vide si l'indicateur n'est pas encore mesuré.
A12: Statut | B12: Calculé automatiquement : « Atteint » si la valeur respecte la cible selon le sens (≥ ou ≤), « Sous la cible » sinon, « Non mesuré » si la cellule est vide.
A13: Valeurs actuelles | B13: Valeurs de référence mesurées en septembre 2026, au lancement du SMSI. Un tableau de bord qui démarre majoritairement en rouge est normal : il montre l'écart que le plan de traitement doit combler.
A14: KPI et KRI | B14: KPI : indicateur de performance, qui mesure si une mesure ou un processus fonctionne. KRI : indicateur de risque, qui mesure l'évolution de l'exposition au risque.
A15: Synthèse | B15: La feuille Synthèse compte les statuts par objectif et au total ; elle se met à jour automatiquement.

Sheet Tableau de bord
A1: Indicateurs de sécurité — valeurs de référence au lancement du SMSI (septembre 2026)
A2: Saisir uniquement la colonne « Valeur mesurée » (en bleu). Le statut est calculé.
A4: ID | B4: Objectif | C4: Type | D4: Indicateur | E4: Formule de calcul | F4: Source | G4: Fréquence | H4: Responsable | I4: Sens | J4: Cible | K4: Échéance | L4: Valeur mesurée (09/2026) | M4: Statut | N4: Commentaire | O4: Risques et règles liés
A5: I01 | B5: O1 | C5: KPI | D5: Avancement du plan de traitement des risques | E5: Actions réalisées / actions prévues | F5: Plan de traitement (RSK-004) | G5: Mensuelle | H5: RSSI | I5: ≥ | J5: 1 | K5: 30/06/2027 | L5: 0 | M5: =IF(L5="","Non mesuré",IF(I5="≥",IF(L5>=J5,"Atteint","Sous la cible"),IF(L5<=J5,"Atteint","Sous la cible"))) -> Sous la cible | N5: Plan approuvé le 27/09/2026 | O5: R01 à R11
A6: I02 | B6: O1 | C6: KPI | D6: Mesures applicables de la DdA mises en œuvre | E6: Mesures « mises en œuvre » / mesures applicables | F6: DdA (DDA-001) | G6: Trimestrielle | H6: RSSI | I6: ≥ | J6: 0.9 | K6: 30/06/2027 | L6: 0.28888889 | M6: =IF(L6="","Non mesuré",IF(I6="≥",IF(L6>=J6,"Atteint","Sous la cible"),IF(L6<=J6,"Atteint","Sous la cible"))) -> Sous la cible | N6: 26 sur 90 | O6: DdA
A7: I03 | B7: O2 | C7: KRI | D7: Violations de données imputables à un défaut de sécurité de NotAge | E7: Nombre sur 12 mois glissants | F7: Registre des incidents | G7: Mensuelle | H7: RSSI | I7: ≤ | J7: 0 | K7: Permanent | L7: 0 | M7: =IF(L7="","Non mesuré",IF(I7="≥",IF(L7>=J7,"Atteint","Sous la cible"),IF(L7<=J7,"Atteint","Sous la cible"))) -> Atteint | N7: Aucune connue ; registre ouvert en septembre 2026 | O7: R03, R04, R11
A8: I04 | B8: O2 | C8: KPI | D8: Vulnérabilités critiques et élevées corrigées dans les délais | E8: Corrigées dans les délais / total à corriger | F8: Outil d'analyse et suivi des tickets | G8: Mensuelle | H8: CTO | I8: ≥ | J8: 1 | K8: 31/12/2026 | M8: =IF(L8="","Non mesuré",IF(I8="≥",IF(L8>=J8,"Atteint","Sous la cible"),IF(L8<=J8,"Atteint","Sous la cible"))) -> Non mesuré | N8: Non mesuré : pas de suivi avant la PSSI | O8: R03, EXP-05
A9: I05 | B9: O2 | C9: KPI | D9: Comptes désactivés le jour du départ | E9: Départs avec désactivation le dernier jour / départs | F9: Tickets de départ et journaux du SSO | G9: Trimestrielle | H9: Responsable RH | I9: ≥ | J9: 1 | K9: 31/12/2026 | M9: =IF(L9="","Non mesuré",IF(I9="≥",IF(L9>=J9,"Atteint","Sous la cible"),IF(L9<=J9,"Atteint","Sous la cible"))) -> Non mesuré | N9: Non mesuré : comptes orphelins constatés en juin 2026 | O9: R07, PRC-002
A10: I06 | B10: O3 | C10: KRI | D10: Disponibilité mensuelle de la plateforme | E10: Temps de disponibilité / temps total du mois | F10: Outil de supervision | G10: Mensuelle | H10: CTO | I10: ≥ | J10: 0.999 | K10: Permanent | L10: 0.9982 | M10: =IF(L10="","Non mesuré",IF(I10="≥",IF(L10>=J10,"Atteint","Sous la cible"),IF(L10<=J10,"Atteint","Sous la cible"))) -> Sous la cible | N10: Moyenne des six derniers mois | O10: R08
A11: I07 | B11: O3 | C11: KPI | D11: Tests de restauration réussis | E11: Tests réussis / tests prévus (4 par an) | F11: Comptes rendus de test | G11: Trimestrielle | H11: Responsable infrastructure | I11: ≥ | J11: 1 | K11: 31/12/2026 | L11: 0 | M11: =IF(L11="","Non mesuré",IF(I11="≥",IF(L11>=J11,"Atteint","Sous la cible"),IF(L11<=J11,"Atteint","Sous la cible"))) -> Sous la cible | N11: Restauration jamais testée | O11: R02, R08, EXP-06
A12: I08 | B12: O3 | C12: KPI | D12: Durée de reprise mesurée lors du test du plan de reprise | E12: Heures entre le déclenchement et le retour du service | F12: Compte rendu d'exercice | G12: Annuelle | H12: CTO | I12: ≤ | J12: 4 | K12: 31/03/2027 | M12: =IF(L12="","Non mesuré",IF(I12="≥",IF(L12>=J12,"Atteint","Sous la cible"),IF(L12<=J12,"Atteint","Sous la cible"))) -> Non mesuré | N12: Non mesuré : aucun plan de reprise | O12: R08, CON-01
A13: I09 | B13: O4 | C13: KPI | D13: Modifications d'IBAN soumises à la double validation | E13: Modifications avec double validation / modifications | F13: Journaux applicatifs | G13: Mensuelle | H13: CFO | I13: ≥ | J13: 1 | K13: 31/12/2026 | L13: 0 | M13: =IF(L13="","Non mesuré",IF(I13="≥",IF(L13>=J13,"Atteint","Sous la cible"),IF(L13<=J13,"Atteint","Sous la cible"))) -> Sous la cible | N13: Fonction inexistante | O13: R01, DEV-02
A14: I10 | B14: O4 | C14: KRI | D14: Fraudes au changement d'IBAN abouties | E14: Nombre sur 12 mois glissants | F14: Registre des incidents, signalements des clients | G14: Mensuelle | H14: CFO | I14: ≤ | J14: 0 | K14: Permanent | M14: =IF(L14="","Non mesuré",IF(I14="≥",IF(L14>=J14,"Atteint","Sous la cible"),IF(L14<=J14,"Atteint","Sous la cible"))) -> Non mesuré | N14: Non mesuré : aucune détection en place | O14: R01
A15: I11 | B15: O5 | C15: KPI | D15: Salariés sensibilisés au cours des 12 derniers mois | E15: Salariés sensibilisés / effectif | F15: Plateforme de formation | G15: Trimestrielle | H15: RSSI | I15: ≥ | J15: 1 | K15: 31/12/2026 | L15: 0 | M15: =IF(L15="","Non mesuré",IF(I15="≥",IF(L15>=J15,"Atteint","Sous la cible"),IF(L15<=J15,"Atteint","Sous la cible"))) -> Sous la cible | N15: Aucune action à ce jour | O15: R09, RH-03, RH-04
A16: I12 | B16: O5 | C16: KRI | D16: Taux de clic lors des campagnes d'hameçonnage simulé | E16: Personnes ayant cliqué / destinataires | F16: Plateforme de simulation | G16: Trimestrielle | H16: RSSI | I16: ≤ | J16: 0.05 | K16: 30/06/2027 | M16: =IF(L16="","Non mesuré",IF(I16="≥",IF(L16>=J16,"Atteint","Sous la cible"),IF(L16<=J16,"Atteint","Sous la cible"))) -> Non mesuré | N16: Première campagne en novembre 2026 | O16: R09
A17: I13 | B17: O5 | C17: KPI | D17: Taux de signalement lors des campagnes d'hameçonnage simulé | E17: Personnes ayant signalé / destinataires | F17: Plateforme de simulation | G17: Trimestrielle | H17: RSSI | I17: ≥ | J17: 0.6 | K17: 30/06/2027 | M17: =IF(L17="","Non mesuré",IF(I17="≥",IF(L17>=J17,"Atteint","Sous la cible"),IF(L17<=J17,"Atteint","Sous la cible"))) -> Non mesuré | N17: Première campagne en novembre 2026 | O17: R09, INC-01
A18: I14 | B18: O6 | C18: KPI | D18: Incidents notifiés aux clients dans les délais | E18: Notifications dans les délais / notifications requises | F18: Registre des incidents | G18: Mensuelle | H18: Responsable relation client | I18: ≥ | J18: 1 | K18: Permanent | M18: =IF(L18="","Non mesuré",IF(I18="≥",IF(L18>=J18,"Atteint","Sous la cible"),IF(L18<=J18,"Atteint","Sous la cible"))) -> Non mesuré | N18: Non mesuré : procédure approuvée en septembre 2026 | O18: PRC-001, INC-04
A19: I15 | B19: SMSI | C19: KPI | D19: Revues trimestrielles des accès réalisées | E19: Revues réalisées / revues prévues | F19: Preuves des revues | G19: Trimestrielle | H19: RSSI | I19: ≥ | J19: 1 | K19: 31/12/2026 | L19: 0 | M19: =IF(L19="","Non mesuré",IF(I19="≥",IF(L19>=J19,"Atteint","Sous la cible"),IF(L19<=J19,"Atteint","Sous la cible"))) -> Sous la cible | N19: Aucune revue réalisée | O19: R02, R07, ACC-09
A20: I16 | B20: SMSI | C20: KPI | D20: Fournisseurs critiques évalués | E20: Fournisseurs critiques évalués / fournisseurs critiques | F20: Registre des fournisseurs | G20: Semestrielle | H20: CFO | I20: ≥ | J20: 1 | K20: 30/06/2027 | L20: 0 | M20: =IF(L20="","Non mesuré",IF(I20="≥",IF(L20>=J20,"Atteint","Sous la cible"),IF(L20<=J20,"Atteint","Sous la cible"))) -> Sous la cible | N20: 0 sur 5 | O20: R11, FOU-02

Sheet Synthèse
A1: Synthèse des indicateurs
A3: Objectif | B3: Indicateurs | C3: Atteint | D3: Sous la cible | E3: Non mesuré
A4: O1 — Obtenir la certification ISO/IEC 27001 | B4: =COUNTIF('Tableau de bord'!$B$5:$B$20,"O1") -> 2 | C4: =COUNTIFS('Tableau de bord'!$B$5:$B$20,"O1",'Tableau de bord'!$M$5:$M$20,"Atteint") -> 0 | D4: =COUNTIFS('Tableau de bord'!$B$5:$B$20,"O1",'Tableau de bord'!$M$5:$M$20,"Sous la cible") -> 2 | E4: =COUNTIFS('Tableau de bord'!$B$5:$B$20,"O1",'Tableau de bord'!$M$5:$M$20,"Non mesuré") -> 0
A5: O2 — Protéger les données confiées | B5: =COUNTIF('Tableau de bord'!$B$5:$B$20,"O2") -> 3 | C5: =COUNTIFS('Tableau de bord'!$B$5:$B$20,"O2",'Tableau de bord'!$M$5:$M$20,"Atteint") -> 1 | D5: =COUNTIFS('Tableau de bord'!$B$5:$B$20,"O2",'Tableau de bord'!$M$5:$M$20,"Sous la cible") -> 0 | E5: =COUNTIFS('Tableau de bord'!$B$5:$B$20,"O2",'Tableau de bord'!$M$5:$M$20,"Non mesuré") -> 2
A6: O3 — Garantir la disponibilité du service | B6: =COUNTIF('Tableau de bord'!$B$5:$B$20,"O3") -> 3 | C6: =COUNTIFS('Tableau de bord'!$B$5:$B$20,"O3",'Tableau de bord'!$M$5:$M$20,"Atteint") -> 0 | D6: =COUNTIFS('Tableau de bord'!$B$5:$B$20,"O3",'Tableau de bord'!$M$5:$M$20,"Sous la cible") -> 2 | E6: =COUNTIFS('Tableau de bord'!$B$5:$B$20,"O3",'Tableau de bord'!$M$5:$M$20,"Non mesuré") -> 1
A7: O4 — Prévenir la fraude aux coordonnées bancaires | B7: =COUNTIF('Tableau de bord'!$B$5:$B$20,"O4") -> 2 | C7: =COUNTIFS('Tableau de bord'!$B$5:$B$20,"O4",'Tableau de bord'!$M$5:$M$20,"Atteint") -> 0 | D7: =COUNTIFS('Tableau de bord'!$B$5:$B$20,"O4",'Tableau de bord'!$M$5:$M$20,"Sous la cible") -> 1 | E7: =COUNTIFS('Tableau de bord'!$B$5:$B$20,"O4",'Tableau de bord'!$M$5:$M$20,"Non mesuré") -> 1
A8: O5 — Faire de chaque salarié un acteur de la sécurité | B8: =COUNTIF('Tableau de bord'!$B$5:$B$20,"O5") -> 3 | C8: =COUNTIFS('Tableau de bord'!$B$5:$B$20,"O5",'Tableau de bord'!$M$5:$M$20,"Atteint") -> 0 | D8: =COUNTIFS('Tableau de bord'!$B$5:$B$20,"O5",'Tableau de bord'!$M$5:$M$20,"Sous la cible") -> 1 | E8: =COUNTIFS('Tableau de bord'!$B$5:$B$20,"O5",'Tableau de bord'!$M$5:$M$20,"Non mesuré") -> 2
A9: O6 — Tenir les engagements envers les clients | B9: =COUNTIF('Tableau de bord'!$B$5:$B$20,"O6") -> 1 | C9: =COUNTIFS('Tableau de bord'!$B$5:$B$20,"O6",'Tableau de bord'!$M$5:$M$20,"Atteint") -> 0 | D9: =COUNTIFS('Tableau de bord'!$B$5:$B$20,"O6",'Tableau de bord'!$M$5:$M$20,"Sous la cible") -> 0 | E9: =COUNTIFS('Tableau de bord'!$B$5:$B$20,"O6",'Tableau de bord'!$M$5:$M$20,"Non mesuré") -> 1
A10: SMSI — Faire fonctionner les processus du SMSI | B10: =COUNTIF('Tableau de bord'!$B$5:$B$20,"SMSI") -> 2 | C10: =COUNTIFS('Tableau de bord'!$B$5:$B$20,"SMSI",'Tableau de bord'!$M$5:$M$20,"Atteint") -> 0 | D10: =COUNTIFS('Tableau de bord'!$B$5:$B$20,"SMSI",'Tableau de bord'!$M$5:$M$20,"Sous la cible") -> 2 | E10: =COUNTIFS('Tableau de bord'!$B$5:$B$20,"SMSI",'Tableau de bord'!$M$5:$M$20,"Non mesuré") -> 0
A11: Total | B11: =SUM(B4:B10) -> 16 | C11: =SUM(C4:C10) -> 1 | D11: =SUM(D4:D10) -> 8 | E11: =SUM(E4:E10) -> 7
A13: Lecture : au lancement du SMSI, la plupart des indicateurs sont sous la cible ou pas encore mesurés. Leur progression est suivie chaque mois en comité de sécurité et présentée en revue de direction.
